Martin,マーティン
Bernard,バーナード
Dubois,デュボア
Thomas,トーマス
Robert,ロバート
Richard,リチャード
Petit,プティー
Durand,デュランド
Leroy,リロイ
Moreau,モロー
Simon,サイモン
Laurent,ローラン
Lefebvre,ルフェーブル
Michel,ミシェル
Garcia,ガルシア
David,デビッド
Bertrand,ベルトラン
Roux,ルー
Vincent,ビンセント
Fournier,フルニエ
Morel,モレル
Girard,ジラード
Andre,アンドレ
Lefevre,ルフェーブル
Mercier,メルシエ
Dupont,デュポン
Lambert,ランバート
Bonnet,ボネット
Francois,フランソワ
Martinez,マルティネス
Legrand,ルグラン
Garnier,ガルニエ
Faure,フォーレ
Rousseau,ルソー
Blanc,ブラン
Guerin,ゲリン
Muller,ムラー
Henry,ヘンリー
Roussel,ルーセル
Nicolas,ニコラス
Perrin,ペリン
Morin,モリン
Mathieu,マチュー
Clement,クレメント
Gauthier,ゴーティエ
Dumont,デュモン
Lopez,ロペス
Fontaine,フォンテイン
Chevalier,シュバリエ
Robin,ロビン
Masson,マッソン
Sanchez,サンチェス
Gerard,ジェラルド
Nguyen,グエン
Boyer,ボイヤー
Denis,デニス
Lemaire,ルメール
Duval,デュバル
Joly,ジョリー
Gautier,ゴーティエ
Roger,ロジャー
Roche,ロシュ
Roy,ロイ
Noel,ノエル
Meyer,マイヤー
Lucas,ルーカス
Meunier,ムーニエ
Jean,ジョン
Perez,ペレス
Marchand,マーチャンド
Dufour,デュフール
Blanchard,ブランチャード
Marie,マリー
Barbier,バルビエ
Brun,ブラン
Dumas,デュマ
Brunet,ブリュネ
Schmitt,シュミット
Leroux,ルルー
Colin,コリン
Fernandez,フェルナンデス
Pierre,ピエエル
Renard,ルナール
Arnaud,アルノー
Rolland,ロラン
Caron,キャロン
Aubert,オベール
Giraud,ジロー
Leclerc,ルクレール
Vidal,ビダル
Bourgeois,ブルジョワ
Renaud,ルノー
Lemoine,ルモアーヌ
Picard,ピカード
Gaillard,ガイヤール
Philippe,フィリップ
Leclercq,ルクレール
Lacroix,ラクロワ
Fabre,ファーブル
Dupuis,デュピュイ
Olivier,オリヴィエ
Rodriguez,ロドリゲス
Da,ダー
Hubert,ヒューバート
Louis,ルイ
Charles,チャールズ
Guillot,ギヨ
Riviere,リヴィエール
Le,リー
Guillaume,ギヨム
Adam,アダム
Rey,レー
Moulin,ムーラン
Gonzalez,ゴンザレス
Berger,バーガー
Lecomte,ルコント
Menard,メナード
Fleury,フルーリー
Deschamps,デシャン
Carpentier,カーペンティア
Julien,ジュリアン
Benoit,ブノワ
Paris,パリ
Maillard,マイヤール
Marchal,マルシャル
Aubry,オーブリー
Vasseur,ヴァスール
Le,リー
Renault,ルノー
Jacquet,ジャッケ
Collet,コレ
Prevost,プレボスト
Poirier,ポアリエ
Charpentier,シャルパンティエ
Royer,ロイヤー
Huet,ユエ
Baron,バロン
Dupuy,デュピュイ
Pons,ポンス
Paul,ポール
Laine,レーン
Carre,カレ
Breton,ブルトン
Remy,レミー
Schneider,シュナイダー
Perrot,ペロー
Guyot,ギヨー
Barre,バレ
Marty,マーティ
Cousin,カズン
Le,リー
Boucher,ブーシェ
Bailly,バイイ
Boulanger,ブーランジェ
Collin,コリン
Herve,エルベ
Evrard,エヴラード
Poulain,プーラン
Etienne,エティエンヌ
Lebrun,ルブラン
Daniel,ダニエル
Pereira,ペレイラ
Pasquier,パスキエ
Cordier,コルディエ
Humbert,ユンバート
Gillet,ジレ
Bouvier,ブーヴィエ
Leveque,レベック
Albert,アルバート
Ferreira,フェレイラ
Jacob,ジェイコブ
Germain,ジェルマン
Klein,クラン
Millet,ミレ
Weber,ウェーバー
Gomez,ゴメス
Marechal,マレチャル
Gay,ゲイ
Chevallier,シュヴァリエ
Mallet,マレット
Lesage,ルサジュ
Bertin,ベルタン
Leblanc,ルブラン
Alexandre,アレクサンドル
Gonçalves,ゴンサルベス
Perrier,ペリエ
Hamon,アモン
Dos,ドス
Rodrigues,ロドリゲス
Pelletier,ペルティエ
Bouchet,ブーシェ
Monnier,モニエ
Leger,リージャー
Marin,マリン
Lemaitre,ルメートル
Reynaud,レイノー
Pichon,ピション
Lamy,ラミー
Antoine,アントワーヌ
Camus,カミュ
Georges,ジョルジュ
Perret,ペレ
Coulon,クロン
Gros,グロ
Devaux,ドゥヴォー
Langlois,ラングロワ
Gilbert,ギルバート
Tessier,テッシェ
Chauvin,ショーヴァン
Ollivier,オリヴィエ
Levy,リービー
Marion,マリオン
Dupond,デュポン
Joubert,ジュベール
Jacques,ジャック
Rossi,ロッシ
Besson,ベッソン
Legros,ルグロ
Guichard,ギシャール
Fernandes,フェルナンデス
Carlier,カルリエ
Delattre,ドラットル
Maury,モーリー
Cohen,コーエン
Hernandez,ヘルナンデス
Guillon,ギヨン
Coste,コスト
Verdier,ヴェルディエ
Sauvage,ソヴァージュ
Lejeune,レジューヌ
Martins,マーティンズ
Ferrand,フェラン
Blanchet,ブランシェ
Ruiz,ルイス
Bousquet,ブスケ
Didier,ディディエ
Tanguy,タンギー
Marques,マルケス
Michaud,ミショー
Gregoire,グレゴワール
Barthelemy,バーテルミー
Charrier,シャリエ
Briand,ブリアン
Guillou,ギィユー
Maurice,マウリス
Navarro,ナバロ
Leduc,ルダック
Pascal,パスカル
Delorme,ドゥロルム
Delaunay,ドローネ
Thibault,ティボー
Bodin,ボーダン
Valentin,ヴァランタン
Gaudin,ゴーダン
Allard,アラード
Mahe,マヘ
Chauvet,ショーヴェ
Masse,マッセ
Tran,トラン
Vallee,ヴァレ
Barbe,バルブ
Buisson,ビュイソン
Lebreton,ルブルトン
Benard,ベナード
Blondel,ブロンデル
Laporte,ラポート
Hebert,ヘバート
Courtois,クルトワ
Riou,リウ
Legendre,ルジャンドル
Fischer,フィッシャー
Delannoy,ドラノワ
Vaillant,バイヤン
Lefort,ルフォール
Regnier,レニエ
Guillet,ギエ
Couturier,クーチュリエ
Raynaud,レイノー
Bazin,バザン
Bigot,ビゴ
Peltier,ペルチェ
Bourdon,ブールドン
Allain,アラン
Descamps,デカン
Duhamel,デュアメル
Dupre,デュプレ
Bruneau,ブリュノー
Besnard,ベナール
Lenoir,ルノワール
Lacombe,ラコンブ
Laroche,ラロッシュ
Launay,ローネー
Loiseau,ロワゾー
Morvan,モルヴァン
Jacquot,ジャコ
Raymond,レイモンド
Rossignol,ロシニョール
Auger,オージェ
Brunel,ブルネル
Thierry,ティエリー
Jourdan,ジュールダン
Voisin,ヴォアザン
Godard,ゴダール
Blin,ブリン
Baudry,ボードリ
Pages,ページ
Martel,マーテル
Martineau,マーティノー
Faivre,フェーヴル
Berthelot,ベルトゥロ
Pineau,ピノー
Texier,テクシエ
Girault,ジロー
Normand,ノーマンド
Petitjean,プティジャン
Seguin,セギン
Blot,ブロ
Delmas,デルマ
Fouquet,フーケ
Guilbert,ギルベール
Colas,コーラス
Merle,メルル
Pruvost,プリュボ
Labbe,ラブ
Imbert,アンベール
Toussaint,トゥーサン
Maillet,マイエ
Bonneau,ボノー
Tournier,トゥルニエ
Salaun,サラウン
Vallet,バレット
Favre,ファーヴル
Delage,ドラージュ
Wagner,ワーグナー
Hardy,ハーディ
Gervais,ジェルヴェ
Chretien,クレチアン
Grandjean,グランジャン
Parent,パラン
Gomes,ゴメス
Peron,ペロン
Guyon,ギュイヨン
Lombard,ロンバード
Claude,クロード
Clerc,クレール
Chartier,シャルティエ
Leblond,ルブロン
Da,ダー
Lagarde,ラガルド
Guibert,ギベール
Mace,メース
Chauveau,ショウヴホウ
Leconte,ルコント
Hamel,ハメル
Prevot,プレヴォ
Cornu,コルニュ
Lelievre,ルリエーブル
Flament,フラマン
Merlin,マーリン
Vial,ヴィアル
Boulay,ブーレー
Mary,メアリー
Parmentier,パーマンティエ
Valette,ヴァレット
Chapuis,シャピュイ
Lecoq,ルコック
Mouton,ムートン
Geoffroy,ジョフロワ
Alves,アルベス
Ribeiro,リベイロ
Lopes,ロペス
Laborde,ラボルド
Besse,ベス
Marc,マーク
Picot,ピコット
Boutin,ブーティン
Lacoste,ラコステ
Salmon,サーモン
Prigent,プリジャン
Gilles,ジル
Poisson,ポアソン
Pujol,プジョル
Gallet,ガレ
Gueguen,ゲグエン
Thiery,チエリ
Lemonnier,ルモニエ
Costa,コスタ
Serre,セール
Bouvet,ブーベ
Foucher,フォシェ
Pottier,ポチエ
Mas,マス
Grenier,グルニエ
Leonard,レナード
Durant,デュラント
Doucet,ドゥーセ
Potier,ポティエ
Torres,トルレス
Le,リー
Brault,ブロー
Charbonnier,シャルボニエ
Bouchard,ブシャール
Gras,グラ
Bayle,ベイル
Delahaye,デラヘイ
Ferry,フェリー
Berthier,ベルティエ
Maurin,モーリン
Bonhomme,ボノンム
Bataille,バタイユ
Bouquet,ブーケ
Dubreuil,デュブルイユ
Lelong,ルロン
Rault,ラウルト
Prost,プロスト
Duchemin,ドゥシュマン
Jourdain,ジュールダン
Grand,グラン
Moreno,モレーノ
Bocquet,
Lebon,ルボン
Jacquemin,ジャックマン
Neveu,ヌヴー
Becker,ベッカー
Husson,ユッソン
Combes,コンブ
Marquet,マルケ
Benoist,ブノワ
Guy,ギィ
Maire,メール
Dumoulin,デュムラン
Huguet,ユゲ
Bernier,ベルニエ
Lafon,ラフォン
Sabatier,サバティエ
Rocher,ロシェ
Arnould,アーノルド
Boulet,ブーレ
Lecocq,ルコック
Morand,モラン
Ferre,フェレ
Comte,コント
Monier,モニエ
Le,リー
Thiebaut,ティエボー
Bourdin,ブールダン
Guillemin,ギルマン
Leleu,ルルー
Millot,ミロー
Forestier,フォレスティア
Mangin,マンジャン
Fortin,フォルティン
Ricard,リカール
Billard,ビヤール
Le,リー
Rousset,ルセ
Jamet,ジャメ
Roques,ロック
Chambon,シャンボン
Jung,チョン
Dujardin,デュジャルダン
Turpin,ターピン
Diaz,ディアス
Prat,プラット
Jolivet,ジョリヴェ
Favier,ファヴィエ
Andrieux,アンドリュー
Castel,カステル
Bonnin,ボナン
Ferrer,フェラー
Grosjean,グロジャン
Maurel,モーレル
Dias,ディアス
Munoz,ムニョス
Chatelain,シャトラン
Rose,ローズ
Blondeau,ブロンドー
Guignard,ギニャール
Tellier,テリエ
Cros,クロス
Le,リー
Tardy,タルディ
Combe,クーム
Cochet,コシェ
Schmidt,シュミット
Magnier,マニエ
Sellier,セリアー
Barreau,バロー
Monnet,モネ
Guiraud,ギロー
Zimmermann,ジンマーマン
Granger,グレンジャー
Leon,レオン
Godin,ゴディン
Andrieu,アンドリュー
Walter,ウォルター
Granier,グラニエ
Gosselin,ゴスラン
Drouet,ドルーエ
Villain,ヴィラン
Lavergne,ラヴェルニ
Savary,サヴァリ
Lagrange,ラグランジュ
Faucher,ファウチャー
Fort,フォート
Lafont,ラフォン
Grange,グラン
Letellier,ルテリエ
Veron,ベロン
Bon,ボン
Lacour,ラクーア
Vacher,ヴァシェ
Lecuyer,ルクィエ
Guillemot,ギレモット
Lepage,ルパージュ
Guegan,ゲガン
Levasseur,ルヴァスール
Armand,アルマンド
Bonnefoy,ボヌフォワ
Keller,ケラー
Derrien,デリアン
Le,リー
Samson,サムソン
Geffroy,ジェフロア
Mignot,ミニョー
Le,リー
Prieur,プリュール
Delaporte,ドラポルト
Poncet,ポンセ
Belin,ブラン
Le,リー
Kieffer,キーファー
Bonnard,ボナール
Gil,ギル
Blaise,ブレーズ
Mounier,ムーニエ
Vernet,ヴェルネ
Baudouin,ボードアン
Bob,ボブ
Laval,ラバル
Duclos,デュクロ
Hoffmann,ホフマン
Lefranc,ルフラン
Godefroy,ゴドフロア
Payet,ペイェ
Lalanne,ラランヌ
Corre,コール
Rigaud,リゴー
Caillaud,
Le,リー
Jeanne,ジェーン
Berard,ベラール
Morice,モリス
Cartier,カルティエ
Tisserand,ティスランド
Saunier,ソーニエ
Weiss,ワイズ
Pommier,ポミエ
Gallois,ガロワ
Stephan,ステファン
Bauer,バウアー
Ramos,ラモ
Villette,ヴィレット
Lavigne,ラヴィーン
Casanova,カサノバ
Beck,ベック
Guitton,ギトン
George,ジョージ
Ledoux,ルドゥー
Dupin,デュパン
Cornet,コルネット
Brossard,ブロサール
Bureau,ビュロー
Maitre,メートル
Desbois,デボワ
Vannier,ヴァニエ
Sergent,サージェント
Papin,パパン
Constant,コンスタント
Lallemand,ララマン
Claudel,クローデル
Marcel,マルセル
Martinet,マルティネ
Lemarchand,ルマーチャンド
Pinto,ピントー
Jouan,ジョアン
Simonnet,シモネ
Barret,バレット
Demange,ドゥマンジュ
Pierron,ピエロン
Soler,ソレル
Maillot,マイヨ
Bastien,バスティアン
Mathis,マティス
Vigneron,ヴィニュロン
Quere,
Poirot,ポワロ
Berthet,ベルトーテ
Terrier,テリア
Bellanger,ベランジェ
Sicard,シカール
Leray,ルレー
Gicquel,ジケル
Roland,ローランド
Jarry,ジャリー
Lang,ラン
Tavernier,タヴェルニエ
Jullien,ジュリアン
Le,リー
Capelle,カペレ
Thebault,テボー
Bois,ボイス
De,ディー
Joseph,ジョセフ
Vivier,ヴィヴィエ
Foulon,フロン
Janin,ジャナン
Chevrier,シェヴリエ
Nicolle,ニコル
De,ディー
Aubin,オーバン
Payen,パイヤン
Ragot,ラゴット
Esnault,エスノー
Louvet,ルーヴェ
Hamelin,アムラン
Jan,ヤン
Binet,ビネー
Champion,チャンピオン
Galland,ガラン
Chene,シェン
Forest,フォレ
Pinel,ピネル
Caillet,カイエ
Goujon,グージョン
Fayolle,ファイヨル
Thery,テリー
Latour,ラトゥール
Sarrazin,サラザン
Proust,プルースト
Froment,フロマン
Lebeau,ルボー
Viard,ヴィヤール
Portier,ポルティエ
Deshayes,デシャイエ
Alix,アリックス
Gibert,ジベール
Langlais,ラングレ
Marteau,マルトー
Dubus,デビュース
Brochard,ブロシャール
Courtin,クルタン
Gimenez,ギメネス
Lefeuvre,
Ly,リー
Felix,フェリックス
Lefrancois,レフランソワ
Larcher,ラーチャー
Mora,モラ
Piquet,ピケ
Baudin,ボーダン
Alvarez,アルバレス
Devos,デヴォス
Lasserre,ラセール
Mendes,メンデス
Romain,ローマン
Chollet,ショレー
Marais,マライス
Foucault,フーコー
Godet,ゴーデー
Durieux,デュルー
Chateau,シャトー
Duprat,デュプラ
Charlot,シャルロ
Jegou,ジェゴウ
Esteve,エスティーヴ
Jolly,ジョリー
Le,リー
Collignon,コリグノン
Bossard,ボサード
Beaufils,
Duchene,デュシェーヌ
Billet,ビエ
Pasquet,パスケー
Allemand,アルマン
Teixeira,テイシェイラ
Villeneuve,ヴィルヌーヴ
Tissier,ティシエ
Vilain,
Tison,タイソン
Roth,ロス
Bailleul,バイユール
Parisot,パリゾ
Fourcade,フルカード
Serra,セッラ
Briere,ブリエール
Bouche,ブーシェ
Moine,モワンヌ
Lienard,リエナール
Magne,マグネ
Salomon,サロモン
Romero,ロメーロ
Leclere,ルクレル
Lapierre,ラピエール
Rio,リオ
Simonin,シモナン
Cariou,カリウ
Jouve,ジューブ
Basset,バセ
Blandin,ブランダン
Lallement,ラルマン
Garreau,ガロー
Guilbaud,ギルボー
Chabert,シャベール
Hue,ヒュー
Gobert,ゴベルト
Darras,ダラス
Beaumont,ボーモント
Rivet,リヴェ
Duchesne,デュシェーヌ
Raynal,レーナル
Provost,プロヴォ
Berthe,ベルテ
Guillard,
Boudet,ブーデ
Verrier,ベリエ
Pollet,ポレ
Delarue,ドラリュ
Carriere,カリエール
Teyssier,ギラード
Charlet,シャルレ
Boivin,ボワヴァン
Senechal,セネシャル
Soulie,スーリエ
Thevenin,テベニン
Jaouen,ジャウエン
Pinson,ピンソン
Crepin,クレピン
Nogues,ノーグス
Rougier,ルージュ
Bonin,ボナン
Viaud,ヴィオー
Legay,レガイ
Peres,ペレス
Bordes,ボルデ
Abadie,アバディ
Magnin,マグニン
Baudoin,ボードワン
Tissot,ティソ
Cardon,カルドン
Lassalle,ラサール
Poulet,プーレ
Bour,ブール
Michon,ミコン
Puech,ピュエシュ
Baudet,バウデ
Mille,ミル
Bourbon,ブルボン
Porte,ポルト
Ducrocq,デュクロク
Le,リー
Bourgoin,ブルゴワン
Le,リー
Le,リー
Gasnier,ガスニエ
Serrano,セラーノ
Bourguignon,ブルギニョン
Soulier,スーリエ
Calvez,カルヴェ
Charlier,シャルリエ
Mahieu,マイユ
Jacquin,ジャカン
Pouget,プージェ
Villard,ヴィラード
Perin,ペラン
Pichard,ピシャール
Pernot,ペルノ
Cottin,コタン
Arnoux,アルヌー
Rigal,リガール
Crouzet,クルーゼ
Moi,モイ
Gosset,ゴセット
Reboul,ルブール
Ben,ベン
Lesueur,ルスウール
Pires,ピレス
Peyre,ペール
Schwartz,シュワルツ
Loisel,ロワゼル
Boutet,ブーテ
Landais,ランド
Rodier,ロディエ
Duquesne,デュケーヌ
Peter,ピーター
Page,ページ
Lamotte,ラモット
Babin,バビン
Thuillier,チュイリエ
Genin,ジェナン
Cheron,シェロン
Varin,ヴァラン
Bidault,ビドー
Remond,レモンド
Duriez,ドゥーリエ
Bouchez,ブーシェ
Auge,オージェ
Saulnier,ソルニエ
Avril,アブリル
Coutant,
Philippot,フィリッポ
Renou,ルヌー
Lepretre,レプレトレ
Rouyer,ルーヤー
Genet,ゲネト
Delamare,ドラマール
Pastor,パストール
Alonso,アロンソ
Montagne,モンターニュ
Robinet,ロビネ
Cadiou,カディウ
Dubourg,デュブール
Verger,ヴェルジェ
Couderc,クーデール
Mayer,メイヤー
Rouxel,ルークセル
Rollet,ロレ
Wolff,ウルフ
Quentin,クエンティン
Ferrari,フェラーリ
Raoul,ラウル
Monteil,モンテイユ
Chopin,ショパン
Bret,ブレット
Carrere,カレーラ
Duret,デュレ
Molina,モリーナ
Gabriel,ガブリエル
Charton,シャルトン
Busson,ブッソン
Delcroix,デルクロア
Lhomme,ロム
Michaux,ミショー
Tixier,ティキシアー
Salle,サール
Baud,ボー
Miquel,ミケル
Grimaud,グリモー
Delhaye,デレイ
Gillot,ジロ
Ferrier,フェリエ
Legras,ルグラ
Rollin,ローリン
Barbot,バルボ
Rondeau,ロンドー
Barraud,バロー
Vernier,ヴェルニエ
Garin,ガリン
Oger,オジェ
Boisson,ボワソン
Smith,スミス
Bresson,ブレッソン
Cloarec,クロアレク
Metayer,
Bruyere,ブリュイエール
Auvray,オーヴレイ
Pelissier,ペリシエ
Burel,ブレル
Bianchi,ビアンキ
Jardin,ジャルダン
Chiron,チロン
Thevenet,テヴネ
Lamour,ラムール
Boisseau,ブッシェル
Josse,ジョス
Floch,フロッシュ
Brisset,ブリセ
Labat,ラバ
Lebas,レバス
Franco,フランコ
Cormier,コーミア
Beau,ボー
Dauphin,ドーファン
Bruno,ブルーノ
Leriche,ルリィシュ
Pepin,ペピン
Debray,ドブレ
Lapeyre,ラペール
Nedelec,ネデレツ
Bontemps,ボンタン
Conte,コンテ
Moret,モレ
Frey,フレイ
Serres,セール
Paquet,パケ
Loison,ロイソン
Guyard,ギュイヤール
Christophe,クリストフ
Carvalho,カルヴァーリョ
Bouton,バウトン
Janvier,ジァンヴィール
Cano,カノ
Gonzales,ゴンザレス
Le,リー
Olive,オリーブ
Perron,ペロン
Bellec,ベルク
Astier,アスティエ
Hardouin,アルドゥアン
Pellerin,ペレリン
Philippon,フィリポン
Loyer,ロワエール
Drouin,ドルーアン
Begue,ベギュエ
Lacaze,ラカーズ
Portal,ポータル
Guery,ゲリー
Salles,サレス
Calvet,カルヴェ
Hugues,ユーグ
Dore,ドリー
Hoarau,オアロ
Billon,ビロン
Pain,ペイン
Gentil,ジャンティ
Cuvelier,キュヴェリエ
Deville,ドヴィル
Munier,ムニエル
Marquis,マーキス
Vignon,ヴィニョン
Henri,ヘンリー
Bardin,バルディン
Xx,
Favreau,ファヴロー
Bouillon,ブイヨン
Fievet,
Gallais,ガレ
Mauger,モーガー
Hennequin,エヌカン
Fevrier,フェブリエ
Chapelle,シャペール
Dubost,デュボスト
Lecoeur,ルクール
Billy,ビリー
Robillard,ロビリャール
Bru,ブリュ
James,ジェームス
Coudert,クーダート
Dutertre,ドゥテルトル
Lepine,レイピーン
Pham,ファム
Chardon,シャルドン
Bo,ボー
Diot,ディオ
Berry,ベリー
Gross,グロース
Braun,ブラウン
Vignal,ヴィニャル
Vigouroux,ヴィグルー
Fraisse,フレース
Viguier,ヴィギエール
Chemin,シュマン
Beguin,ベガン
De,ディー
Beauvais,ボーヴェ
Bardet,バルデ
Madec,
Herault,エロー
Auffret,オフレ
Bellet,ベレット
Leloup,ルルー
Revel,ルヴェル
Carton,カートン
Pillet,ピエ
Godart,ゴダール
Bonnaud,ボノー
Paillard,パイヤール
Dubos,デュボス
Pouliquen,プーリケン
Fevre,フィーヴァ
Rousselle,ルーゼル
Bachelet,バシュレ
Santos,サントス
Beaulieu,ボーリュー
Barriere,バリアー
Lavaud,ラヴォー
Despres,デプレ
Renaudin,ルノダン
Schaeffer,シェーファー
Fremont,フリーモント
Lemercier,ルメルシエ
Raffin,ラフィン
Metais,
Dumortier,デュモルティエ
Lafond,ラフォン
Honore,オノレ
Larue,ラルー
Monin,モナン
Vigier,ヴィジェ
Motte,モット
